Name - Registry - Class
Item - minecraft:item - net.minecraft.entity.item.EntityItem
XPOrb - minecraft:xp_orb - net.minecraft.entity.item.EntityXPOrb
AreaEffectCloud - minecraft:area_effect_cloud - net.minecraft.entity.EntityAreaEffectCloud
ElderGuardian - minecraft:elder_guardian - net.minecraft.entity.monster.EntityElderGuardian
WitherSkeleton - minecraft:wither_skeleton - net.minecraft.entity.monster.EntityWitherSkeleton
Stray - minecraft:stray - net.minecraft.entity.monster.EntityStray
ThrownEgg - minecraft:egg - net.minecraft.entity.projectile.EntityEgg
LeashKnot - minecraft:leash_knot - net.minecraft.entity.EntityLeashKnot
Painting - minecraft:painting - net.minecraft.entity.item.EntityPainting
Arrow - minecraft:arrow - net.minecraft.entity.projectile.EntityTippedArrow
Snowball - minecraft:snowball - net.minecraft.entity.projectile.EntitySnowball
Fireball - minecraft:fireball - net.minecraft.entity.projectile.EntityLargeFireball
SmallFireball - minecraft:small_fireball - net.minecraft.entity.projectile.EntitySmallFireball
ThrownEnderpearl - minecraft:ender_pearl - net.minecraft.entity.item.EntityEnderPearl
EyeOfEnderSignal - minecraft:eye_of_ender_signal - net.minecraft.entity.item.EntityEnderEye
ThrownPotion - minecraft:potion - net.minecraft.entity.projectile.EntityPotion
ThrownExpBottle - minecraft:xp_bottle - net.minecraft.entity.item.EntityExpBottle
ItemFrame - minecraft:item_frame - net.minecraft.entity.item.EntityItemFrame
WitherSkull - minecraft:wither_skull - net.minecraft.entity.projectile.EntityWitherSkull
PrimedTnt - minecraft:tnt - net.minecraft.entity.item.EntityTNTPrimed
FallingSand - minecraft:falling_block - net.minecraft.entity.item.EntityFallingBlock
FireworksRocketEntity - minecraft:fireworks_rocket - net.minecraft.entity.item.EntityFireworkRocket
Husk - minecraft:husk - net.minecraft.entity.monster.EntityHusk
SpectralArrow - minecraft:spectral_arrow - net.minecraft.entity.projectile.EntitySpectralArrow
ShulkerBullet - minecraft:shulker_bullet - net.minecraft.entity.projectile.EntityShulkerBullet
DragonFireball - minecraft:dragon_fireball - net.minecraft.entity.projectile.EntityDragonFireball
ZombieVillager - minecraft:zombie_villager - net.minecraft.entity.monster.EntityZombieVillager
SkeletonHorse - minecraft:skeleton_horse - net.minecraft.entity.passive.EntitySkeletonHorse
ZombieHorse - minecraft:zombie_horse - net.minecraft.entity.passive.EntityZombieHorse
ArmorStand - minecraft:armor_stand - net.minecraft.entity.item.EntityArmorStand
Donkey - minecraft:donkey - net.minecraft.entity.passive.EntityDonkey
Mule - minecraft:mule - net.minecraft.entity.passive.EntityMule
EvocationFangs - minecraft:evocation_fangs - net.minecraft.entity.projectile.EntityEvokerFangs
EvocationIllager - minecraft:evocation_illager - net.minecraft.entity.monster.EntityEvoker
Vex - minecraft:vex - net.minecraft.entity.monster.EntityVex
VindicationIllager - minecraft:vindication_illager - net.minecraft.entity.monster.EntityVindicator
IllusionIllager - minecraft:illusion_illager - net.minecraft.entity.monster.EntityIllusionIllager
MinecartCommandBlock - minecraft:commandblock_minecart - net.minecraft.entity.item.EntityMinecartCommandBlock
Boat - minecraft:boat - net.minecraft.entity.item.EntityBoat
MinecartRideable - minecraft:minecart - net.minecraft.entity.item.EntityMinecartEmpty
MinecartChest - minecraft:chest_minecart - net.minecraft.entity.item.EntityMinecartChest
MinecartFurnace - minecraft:furnace_minecart - net.minecraft.entity.item.EntityMinecartFurnace
MinecartTNT - minecraft:tnt_minecart - net.minecraft.entity.item.EntityMinecartTNT
MinecartHopper - minecraft:hopper_minecart - net.minecraft.entity.item.EntityMinecartHopper
MinecartSpawner - minecraft:spawner_minecart - net.minecraft.entity.item.EntityMinecartMobSpawner
Creeper - minecraft:creeper - net.minecraft.entity.monster.EntityCreeper
Skeleton - minecraft:skeleton - net.minecraft.entity.monster.EntitySkeleton
Spider - minecraft:spider - net.minecraft.entity.monster.EntitySpider
Giant - minecraft:giant - net.minecraft.entity.monster.EntityGiantZombie
Zombie - minecraft:zombie - net.minecraft.entity.monster.EntityZombie
Slime - minecraft:slime - net.minecraft.entity.monster.EntitySlime
Ghast - minecraft:ghast - net.minecraft.entity.monster.EntityGhast
PigZombie - minecraft:zombie_pigman - net.minecraft.entity.monster.EntityPigZombie
Enderman - minecraft:enderman - net.minecraft.entity.monster.EntityEnderman
CaveSpider - minecraft:cave_spider - net.minecraft.entity.monster.EntityCaveSpider
Silverfish - minecraft:silverfish - net.minecraft.entity.monster.EntitySilverfish
Blaze - minecraft:blaze - net.minecraft.entity.monster.EntityBlaze
LavaSlime - minecraft:magma_cube - net.minecraft.entity.monster.EntityMagmaCube
EnderDragon - minecraft:ender_dragon - net.minecraft.entity.boss.EntityDragon
WitherBoss - minecraft:wither - net.minecraft.entity.boss.EntityWither
Bat - minecraft:bat - net.minecraft.entity.passive.EntityBat
Witch - minecraft:witch - net.minecraft.entity.monster.EntityWitch
Endermite - minecraft:endermite - net.minecraft.entity.monster.EntityEndermite
Guardian - minecraft:guardian - net.minecraft.entity.monster.EntityGuardian
Shulker - minecraft:shulker - net.minecraft.entity.monster.EntityShulker
Pig - minecraft:pig - net.minecraft.entity.passive.EntityPig
Sheep - minecraft:sheep - net.minecraft.entity.passive.EntitySheep
Cow - minecraft:cow - net.minecraft.entity.passive.EntityCow
Chicken - minecraft:chicken - net.minecraft.entity.passive.EntityChicken
Squid - minecraft:squid - net.minecraft.entity.passive.EntitySquid
Wolf - minecraft:wolf - net.minecraft.entity.passive.EntityWolf
MushroomCow - minecraft:mooshroom - net.minecraft.entity.passive.EntityMooshroom
SnowMan - minecraft:snowman - net.minecraft.entity.monster.EntitySnowman
Ozelot - minecraft:ocelot - net.minecraft.entity.passive.EntityOcelot
VillagerGolem - minecraft:villager_golem - net.minecraft.entity.monster.EntityIronGolem
Horse - minecraft:horse - net.minecraft.entity.passive.EntityHorse
Rabbit - minecraft:rabbit - net.minecraft.entity.passive.EntityRabbit
PolarBear - minecraft:polar_bear - net.minecraft.entity.monster.EntityPolarBear
Llama - minecraft:llama - net.minecraft.entity.passive.EntityLlama
LlamaSpit - minecraft:llama_spit - net.minecraft.entity.projectile.EntityLlamaSpit
Parrot - minecraft:parrot - net.minecraft.entity.passive.EntityParrot
Villager - minecraft:villager - net.minecraft.entity.passive.EntityVillager
EnderCrystal - minecraft:ender_crystal - net.minecraft.entity.item.EntityEnderCrystal
thermalfoundation.blizz - thermalfoundation:blizz - cofh.thermalfoundation.entity.monster.EntityBlizz
thermalfoundation.blitz - thermalfoundation:blitz - cofh.thermalfoundation.entity.monster.EntityBlitz
thermalfoundation.basalz - thermalfoundation:basalz - cofh.thermalfoundation.entity.monster.EntityBasalz
thermalfoundation.blizz_bolt - thermalfoundation:blizz_bolt - cofh.thermalfoundation.entity.projectile.EntityBlizzBolt
thermalfoundation.blitz_bolt - thermalfoundation:blitz_bolt - cofh.thermalfoundation.entity.projectile.EntityBlitzBolt
thermalfoundation.basalz_bolt - thermalfoundation:basalz_bolt - cofh.thermalfoundation.entity.projectile.EntityBasalzBolt
draconicevolution:PersistentItem - draconicevolution:persistentitem - com.brandon3055.draconicevolution.entity.EntityPersistentItem
draconicevolution:DragonHeartItem - draconicevolution:dragonheartitem - com.brandon3055.draconicevolution.entity.EntityDragonHeart
draconicevolution:ChaosGuardian - draconicevolution:chaosguardian - com.brandon3055.draconicevolution.entity.EntityChaosGuardian
draconicevolution:GuardianProjectile - draconicevolution:guardianprojectile - com.brandon3055.draconicevolution.entity.EntityGuardianProjectile
draconicevolution:GuardianCrystal - draconicevolution:guardiancrystal - com.brandon3055.draconicevolution.entity.EntityGuardianCrystal
draconicevolution:EntityChaosEnergyVortex - draconicevolution:entitychaosenergyvortex - com.brandon3055.draconicevolution.entity.EntityChaosImplosion
draconicevolution:CustomArrow - draconicevolution:customarrow - com.brandon3055.draconicevolution.entity.EntityCustomArrow
draconicevolution:LootCore - draconicevolution:lootcore - com.brandon3055.draconicevolution.entity.EntityLootCore
draconicevolution:EnderEnergyManipulator - draconicevolution:enderenergymanipulator - com.brandon3055.draconicevolution.entity.EntityEnderEnergyManipulator
florb - thermalexpansion:florb - cofh.thermalexpansion.entity.projectile.EntityFlorb
morb - thermalexpansion:morb - cofh.thermalexpansion.entity.projectile.EntityMorb
quark:flat_item_frame - quark:flat_item_frame - vazkii.quark.decoration.entity.EntityFlatItemFrame
quark:leash_knot - quark:leash_knot - vazkii.quark.decoration.entity.EntityLeashKnot2TheKnotting
quark:colored_item_frame - quark:colored_item_frame - vazkii.quark.decoration.entity.EntityColoredItemFrame
quark:glass_item_frame - quark:glass_item_frame - vazkii.quark.decoration.entity.EntityGlassItemFrame
quark:stoneling - quark:stoneling - vazkii.quark.world.entity.EntityStoneling
quark:archaeologist - quark:archaeologist - vazkii.quark.world.entity.EntityArchaeologist
quark:foxhound - quark:foxhound - vazkii.quark.world.entity.EntityFoxhound
quark:dweller - quark:dweller - vazkii.quark.world.entity.EntityDweller
quark:ashen - quark:ashen - vazkii.quark.world.entity.EntityAshen
quark:frog - quark:frog - vazkii.quark.world.entity.EntityFrog
quark:pirate - quark:pirate - vazkii.quark.world.entity.EntityPirate
quark:crab - quark:crab - vazkii.quark.world.entity.EntityCrab
quark:wraith - quark:wraith - vazkii.quark.world.entity.EntityWraith
quark:pickarang - quark:pickarang - vazkii.quark.world.entity.EntityPickarang
quark:arrow_ender - quark:arrow_ender - vazkii.quark.misc.entity.EntityArrowEnder
quark:arrow_explosive - quark:arrow_explosive - vazkii.quark.misc.entity.EntityArrowExplosive
quark:arrow_torch - quark:arrow_torch - vazkii.quark.misc.entity.EntityArrowTorch
quark:dragon_breath_bottle - quark:dragon_breath_bottle - vazkii.quark.misc.entity.EntityDragonBreathBottle
quark:soul_powder - quark:soul_powder - vazkii.quark.misc.entity.EntitySoulPowder
quark:parrot_egg - quark:parrot_egg - vazkii.quark.misc.entity.EntityParrotEgg
quark:chest_passenger - quark:chest_passenger - vazkii.quark.management.entity.EntityChestPassenger
quark:seat - quark:seat - vazkii.quark.vanity.feature.SitInStairs$Seat
quark:gravisand - quark:gravisand - vazkii.quark.automation.entity.EntityGravisand
MiningLaser - ic2:mining_laser - ic2.core.item.tool.EntityMiningLaser
Dynamite - ic2:dynamite - ic2.core.block.EntityDynamite
StickyDynamite - ic2:sticky_dynamite - ic2.core.block.EntityStickyDynamite
Itnt - ic2:itnt - ic2.core.block.EntityItnt
Nuke - ic2:nuke - ic2.core.block.EntityNuke
BoatCarbon - ic2:carbon_boat - ic2.core.item.EntityBoatCarbon
BoatRubber - ic2:rubber_boat - ic2.core.item.EntityBoatRubber
BoatElectric - ic2:electric_boat - ic2.core.item.EntityBoatElectric
Particle - ic2:particle - ic2.core.item.tool.EntityParticle
FireproofItem - ic2:fireproof_item - ic2.core.item.ItemIC2Boat$FireproofItem
EntityHighlighted - astralsorcery:entityhighlighted - hellfirepvp.astralsorcery.common.entities.EntityItemHighlighted
EntityStardust - astralsorcery:entitystardust - hellfirepvp.astralsorcery.common.entities.EntityItemStardust
EntityCrystal - astralsorcery:entitycrystal - hellfirepvp.astralsorcery.common.entities.EntityCrystal
EntityFlare - astralsorcery:entityflare - hellfirepvp.astralsorcery.common.entities.EntityFlare
EntityStarBurst - astralsorcery:entitystarburst - hellfirepvp.astralsorcery.common.entities.EntityStarburst
EntityIlluminationSpark - astralsorcery:entityilluminationspark - hellfirepvp.astralsorcery.common.entities.EntityIlluminationSpark
EntityNocturnalSpark - astralsorcery:entitynocturnalspark - hellfirepvp.astralsorcery.common.entities.EntityNocturnalSpark
EntityCrystalTool - astralsorcery:entitycrystaltool - hellfirepvp.astralsorcery.common.entities.EntityCrystalTool
EntityGrapplingHook - astralsorcery:entitygrapplinghook - hellfirepvp.astralsorcery.common.entities.EntityGrapplingHook
EntitySpectralTool - astralsorcery:entityspectraltool - hellfirepvp.astralsorcery.common.entities.EntitySpectralTool
EntityLiquidSpark - astralsorcery:entityliquidspark - hellfirepvp.astralsorcery.common.entities.EntityLiquidSpark
EntityObservatoryHelper - astralsorcery:entityobservatoryhelper - hellfirepvp.astralsorcery.common.entities.EntityObservatoryHelper
EntityShootingStar - astralsorcery:entityshootingstar - hellfirepvp.astralsorcery.common.entities.EntityShootingStar
EntityItemDamageResistant - astralsorcery:entityitemdamageresistant - hellfirepvp.astralsorcery.common.entities.EntityItemExplosionResistant
EndestPearl - avaritia:endest_pearl - morph.avaritia.entity.EntityEndestPearl
GapingVoid - avaritia:gaping_void - morph.avaritia.entity.EntityGapingVoid
HeavenArrow - avaritia:heaven_arrow - morph.avaritia.entity.EntityHeavenArrow
HeavenSubArrow - avaritia:heaven_sub_arrow - morph.avaritia.entity.EntityHeavenSubArrow
mudball - biomesoplenty:mudball - biomesoplenty.common.entities.projectiles.EntityMudball
bop_boat - biomesoplenty:bop_boat - biomesoplenty.common.entities.item.EntityBOPBoat
wasp - biomesoplenty:wasp - biomesoplenty.common.entities.EntityWasp
botania:manaBurst - botania:mana_burst - vazkii.botania.common.entity.EntityManaBurst
botania:signalFlare - botania:signal_flare - vazkii.botania.common.entity.EntitySignalFlare
botania:pixie - botania:pixie - vazkii.botania.common.entity.EntityPixie
botania:flameRing - botania:flame_ring - vazkii.botania.common.entity.EntityFlameRing
botania:vineBall - botania:vine_ball - vazkii.botania.common.entity.EntityVineBall
botania:doppleganger - botania:doppleganger - vazkii.botania.common.entity.EntityDoppleganger
botania:magicLandmine - botania:magic_landmine - vazkii.botania.common.entity.EntityMagicLandmine
botania:spark - botania:spark - vazkii.botania.common.entity.EntitySpark
botania:thrownItem - botania:thrown_item - vazkii.botania.common.entity.EntityThrownItem
botania:magicMissile - botania:magic_missile - vazkii.botania.common.entity.EntityMagicMissile
botania:thornChakram - botania:thorn_chakram - vazkii.botania.common.entity.EntityThornChakram
botania:corporeaSpark - botania:corporea_spark - vazkii.botania.common.entity.EntityCorporeaSpark
botania:enderAirBottle - botania:ender_air_bottle - vazkii.botania.common.entity.EntityEnderAirBottle
botania:poolMinecart - botania:pool_minecart - vazkii.botania.common.entity.EntityPoolMinecart
botania:pinkWither - botania:pink_wither - vazkii.botania.common.entity.EntityPinkWither
botania:playerMover - botania:player_mover - vazkii.botania.common.block.tile.TileLightRelay$EntityPlayerMover
botania:manaStorm - botania:mana_storm - vazkii.botania.common.entity.EntityManaStorm
botania:babylonWeapon - botania:babylon_weapon - vazkii.botania.common.entity.EntityBabylonWeapon
botania:fallingStar - botania:falling_star - vazkii.botania.common.entity.EntityFallingStar
ember_packet - embers:ember_packet - teamroots.embers.entity.EntityEmberPacket
ember_projectile - embers:ember_projectile - teamroots.embers.entity.EntityEmberProjectile
ancient_golem - embers:ancient_golem - teamroots.embers.entity.EntityAncientGolem
ember_light - embers:ember_light - teamroots.embers.entity.EntityEmberLight
magma_worm - embers:magma_worm - teamroots.embers.entity.EntityMagmaWorm
magma_projectile - embers:magma_projectile - teamroots.embers.entity.EntityMagmaProjectile
energeticsheep.energetic_sheep - energeticsheep:energetic_sheep - org.cyclops.energeticsheep.entity.EntityEnergeticSheep
erebus.beetle_larva - erebus:erebus.beetle_larva - erebus.entity.EntityBeetleLarva
erebus.wasp - erebus:erebus.wasp - erebus.entity.EntityWasp
erebus.centipede - erebus:erebus.centipede - erebus.entity.EntityCentipede
erebus.beetle - erebus:erebus.beetle - erebus.entity.EntityBeetle
erebus.fly - erebus:erebus.fly - erebus.entity.EntityFly
erebus.mosquito - erebus:erebus.mosquito - erebus.entity.EntityMosquito
erebus.tarantula - erebus:erebus.tarantula - erebus.entity.EntityTarantula
erebus.bot_fly - erebus:erebus.bot_fly - erebus.entity.EntityBotFly
erebus.scorpion - erebus:erebus.scorpion - erebus.entity.EntityScorpion
erebus.solifuge - erebus:erebus.solifuge - erebus.entity.EntitySolifuge
erebus.grasshopper - erebus:erebus.grasshopper - erebus.entity.EntityGrasshopper
erebus.locust - erebus:erebus.locust - erebus.entity.EntityLocust
erebus.moth - erebus:erebus.moth - erebus.entity.EntityMoth
erebus.rhino_beetle - erebus:erebus.rhino_beetle - erebus.entity.EntityRhinoBeetle
erebus.antlion - erebus:erebus.antlion - erebus.entity.EntityAntlion
erebus.black_widow - erebus:erebus.black_widow - erebus.entity.EntityBlackWidow
erebus.glow_worm - erebus:erebus.glow_worm - erebus.entity.EntityGlowWorm
erebus.bombardier_beetle - erebus:erebus.bombardier_beetle - erebus.entity.EntityBombardierBeetle
erebus.scytodes - erebus:erebus.scytodes - erebus.entity.EntityScytodes
erebus.money_spider - erebus:erebus.money_spider - erebus.entity.EntityMoneySpider
erebus.praying_mantis - erebus:erebus.praying_mantis - erebus.entity.EntityPrayingMantis
erebus.jumping_spider - erebus:erebus.jumping_spider - erebus.entity.EntityJumpingSpider
erebus.fire_ant - erebus:erebus.fire_ant - erebus.entity.EntityFireAnt
erebus.worker_bee - erebus:erebus.worker_bee - erebus.entity.EntityWorkerBee
erebus.velvet_worm - erebus:erebus.velvet_worm - erebus.entity.EntityVelvetWorm
erebus.dragon_fly - erebus:erebus.dragon_fly - erebus.entity.EntityDragonfly
erebus.titan_beetle - erebus:erebus.titan_beetle - erebus.entity.EntityTitanBeetle
erebus.bot_fly_larva - erebus:erebus.bot_fly_larva - erebus.entity.EntityBotFlyLarva
erebus.fungal_weevil - erebus:erebus.fungal_weevil - erebus.entity.EntityFungalWeevil
erebus.crop_weevil - erebus:erebus.crop_weevil - erebus.entity.EntityCropWeevil
erebus.woodlouse - erebus:erebus.woodlouse - erebus.entity.EntityWoodlouse
erebus.cicada - erebus:erebus.cicada - erebus.entity.EntityCicada
erebus.fire_ant_soldier - erebus:erebus.fire_ant_soldier - erebus.entity.EntityFireAntSoldier
erebus.lava_web_spider - erebus:erebus.lava_web_spider - erebus.entity.EntityLavaWebSpider
erebus.antlion_mini_boss - erebus:erebus.antlion_mini_boss - erebus.entity.EntityAntlionMiniBoss
erebus.chameleon_tick - erebus:erebus.chameleon_tick - erebus.entity.EntityChameleonTick
erebus.solifuge_small - erebus:erebus.solifuge_small - erebus.entity.EntitySolifugeSmall
erebus.midge_swarm - erebus:erebus.midge_swarm - erebus.entity.EntityMidgeSwarm
erebus.punchroom - erebus:erebus.punchroom - erebus.entity.EntityPunchroom
erebus.crushroom - erebus:erebus.crushroom - erebus.entity.EntityCrushroom
erebus.black_ant - erebus:erebus.black_ant - erebus.entity.EntityBlackAnt
erebus.zombie_ant - erebus:erebus.zombie_ant - erebus.entity.EntityZombieAnt
erebus.tarantula_mini_boss - erebus:erebus.tarantula_mini_boss - erebus.entity.EntityTarantulaMiniboss
erebus.tarantula_baby - erebus:erebus.tarantula_baby - erebus.entity.EntityTarantulaBaby
erebus.pond_skater - erebus:erebus.pond_skater - erebus.entity.EntityPondSkater
erebus.bog_maw - erebus:erebus.bog_maw - erebus.entity.EntityBogMaw
erebus.magma_crawler - erebus:erebus.magma_crawler - erebus.entity.EntityMagmaCrawler
erebus.animated_block - erebus:erebus.animated_block - erebus.entity.EntityAnimatedBlock
erebus.animated_chest - erebus:erebus.animated_chest - erebus.entity.EntityAnimatedChest
erebus.animated_bamboo_crate - erebus:erebus.animated_bamboo_crate - erebus.entity.EntityAnimatedBambooCrate
erebus.umber_golem - erebus:erebus.umber_golem - erebus.entity.EntityUmberGolem
erebus.fire_resistent_item - erebus:erebus.fire_resistent_item - erebus.entity.EntityFireResistent
erebus.mucus_bomb_primed - erebus:erebus.mucus_bomb_primed - erebus.entity.EntityMucusBombPrimed
erebus.umber_golem_idol - erebus:erebus.umber_golem_idol - erebus.entity.EntityUmberGolemDungeonTypes
erebus.antlion_boss - erebus:erebus.antlion_boss - erebus.entity.EntityAntlionBoss
erebus.honey_pot_ant - erebus:erebus.honey_pot_ant - erebus.entity.EntityHoneyPotAnt
erebus.bombardier_beetle_larva - erebus:erebus.bombardier_beetle_larva - erebus.entity.EntityBombardierBeetleLarva
erebus.zombie_ant_soldier - erebus:erebus.zombie_ant_soldier - erebus.entity.EntityZombieAntSoldier
erebus.bed_bug - erebus:erebus.bed_bug - erebus.entity.EntityBedBug
erebus.stag_beetle - erebus:erebus.stag_beetle - erebus.entity.EntityStagBeetle
erebus.wasp_dagger - erebus:erebus.wasp_dagger - erebus.entity.EntityWaspDagger
erebus.web_sling - erebus:erebus.web_sling - erebus.entity.EntityWebSling
erebus.goo_ball - erebus:erebus.goo_ball - erebus.entity.EntityGooBall
erebus.woodlouse_ball - erebus:erebus.woodlouse_ball - erebus.entity.EntityWoodlouseBall
erebus.spore_ball - erebus:erebus.spore_ball - erebus.entity.EntitySporeBall
erebus.tarantula_egg - erebus:erebus.tarantula_egg - erebus.entity.EntityTarantulaEgg
erebus.poison_jet - erebus:erebus.poison_jet - erebus.entity.EntityPoisonJet
erebus.gas_vent - erebus:erebus.gas_vent - erebus.entity.EntityGasVent
erebus.thrown_sand - erebus:erebus.thrown_sand - erebus.entity.EntityThrownSand
erebus.preserved_block - erebus:erebus.preserved_block - erebus.entity.EntityPreservedBlock
boomerang - extrautils2:boomerang - com.rwtema.extrautils2.entity.EntityBoomerang
chunkdata - extrautils2:chunkdata - com.rwtema.extrautils2.entity.chunkdata.EntityChunkData
inferium_arrow - mysticalagriculture:inferium_arrow - com.blakebr0.mysticalagriculture.entity.arrow.EntityInferiumArrow
prudentium_arrow - mysticalagriculture:prudentium_arrow - com.blakebr0.mysticalagriculture.entity.arrow.EntityPrudentiumArrow
intermedium_arrow - mysticalagriculture:intermedium_arrow - com.blakebr0.mysticalagriculture.entity.arrow.EntityIntermediumArrow
superium_arrow - mysticalagriculture:superium_arrow - com.blakebr0.mysticalagriculture.entity.arrow.EntitySuperiumArrow
supremium_arrow - mysticalagriculture:supremium_arrow - com.blakebr0.mysticalagriculture.entity.arrow.EntitySupremiumArrow
magic_missile - tconevo:magic_missile - xyz.phanta.tconevo.entity.EntityMagicMissile
item.mctsmelteryio:iceball - mctsmelteryio:textures/items/iceball.png - mctmods.smelteryio.entity.EntityIceball
moreplanets.albetius_worm - moreplanets:albetius_worm - stevekung.mods.moreplanets.planets.diona.entity.EntityAlbetiusWorm
moreplanets.infected_purlonite_spider - moreplanets:infected_purlonite_spider - stevekung.mods.moreplanets.planets.diona.entity.EntityInfectedPurloniteSpider
moreplanets.infected_purlonite_worm - moreplanets:infected_purlonite_worm - stevekung.mods.moreplanets.planets.diona.entity.EntityInfectedPurloniteWorm
moreplanets.infected_purlonite_slime_boss - moreplanets:infected_purlonite_slime_boss - stevekung.mods.moreplanets.planets.diona.entity.EntityInfectedPurloniteSlimeBoss
moreplanets.zelius_zombie - moreplanets:zelius_zombie - stevekung.mods.moreplanets.planets.diona.entity.EntityZeliusZombie
moreplanets.zelius_creeper - moreplanets:zelius_creeper - stevekung.mods.moreplanets.planets.diona.entity.EntityZeliusCreeper
moreplanets.cheese_cube_eye_boss - moreplanets:cheese_cube_eye_boss - stevekung.mods.moreplanets.planets.chalos.entity.EntityCheeseCubeEyeBoss
moreplanets.cheese_floater - moreplanets:cheese_floater - stevekung.mods.moreplanets.planets.chalos.entity.EntityCheeseFloater
moreplanets.cheese_slime - moreplanets:cheese_slime - stevekung.mods.moreplanets.planets.chalos.entity.EntityCheeseSlime
moreplanets.cheese_cow - moreplanets:cheese_cow - stevekung.mods.moreplanets.planets.chalos.entity.EntityCheeseCow
moreplanets.giant_worm - moreplanets:giant_worm - stevekung.mods.moreplanets.planets.nibiru.entity.EntityGiantWorm
moreplanets.infected_zombie - moreplanets:infected_zombie - stevekung.mods.moreplanets.planets.nibiru.entity.EntityInfectedZombie
moreplanets.alien_miner - moreplanets:alien_miner - stevekung.mods.moreplanets.planets.diona.entity.EntityAlienMiner
moreplanets.infected_purlonite_slime_minion - moreplanets:infected_purlonite_slime_minion - stevekung.mods.moreplanets.planets.diona.entity.EntityInfectedPurloniteSlimeMinion
moreplanets.infected_worm - moreplanets:infected_worm - stevekung.mods.moreplanets.planets.nibiru.entity.EntityInfectedWorm
moreplanets.infected_snowman - moreplanets:infected_snowman - stevekung.mods.moreplanets.planets.nibiru.entity.EntityInfectedSnowman
moreplanets.zelius_skeleton - moreplanets:zelius_skeleton - stevekung.mods.moreplanets.planets.diona.entity.EntityZeliusSkeleton
moreplanets.infected_guardian - moreplanets:infected_guardian - stevekung.mods.moreplanets.planets.nibiru.entity.EntityInfectedGuardian
moreplanets.infected_elder_guardian - moreplanets:infected_elder_guardian - stevekung.mods.moreplanets.planets.nibiru.entity.EntityInfectedElderGuardian
moreplanets.infected_squid - moreplanets:infected_squid - stevekung.mods.moreplanets.planets.nibiru.entity.EntityInfectedSquid
moreplanets.infected_chicken - moreplanets:infected_chicken - stevekung.mods.moreplanets.planets.nibiru.entity.EntityInfectedChicken
moreplanets.infected_cow - moreplanets:infected_cow - stevekung.mods.moreplanets.planets.nibiru.entity.EntityInfectedCow
moreplanets.infected_cave_spider - moreplanets:infected_cave_spider - stevekung.mods.moreplanets.planets.nibiru.entity.EntityInfectedCaveSpider
moreplanets.zergius - moreplanets:zergius - stevekung.mods.moreplanets.planets.nibiru.entity.EntityZergius
moreplanets.shlime - moreplanets:shlime - stevekung.mods.moreplanets.planets.nibiru.entity.EntityShlime
moreplanets.nibiru_villager - moreplanets:nibiru_villager - stevekung.mods.moreplanets.planets.nibiru.entity.EntityNibiruVillager
moreplanets.infected_creeper - moreplanets:infected_creeper - stevekung.mods.moreplanets.planets.nibiru.entity.EntityInfectedCreeper
moreplanets.infected_skeleton - moreplanets:infected_skeleton - stevekung.mods.moreplanets.planets.nibiru.entity.EntityInfectedSkeleton
moreplanets.vein_floater - moreplanets:vein_floater - stevekung.mods.moreplanets.planets.nibiru.entity.EntityVeinFloater
moreplanets.vein_floater_minion - moreplanets:vein_floater_minion - stevekung.mods.moreplanets.planets.nibiru.entity.EntityVeinFloaterMinion
moreplanets.mini_vein_floater - moreplanets:mini_vein_floater - stevekung.mods.moreplanets.planets.nibiru.entity.EntityMiniVeinFloater
moreplanets.giant_blueberry - moreplanets:giant_blueberry - stevekung.mods.moreplanets.planets.fronos.entity.EntityGiantBlueberry
moreplanets.marshmallow - moreplanets:marshmallow - stevekung.mods.moreplanets.planets.fronos.entity.EntityMarshmallow
moreplanets.bearry - moreplanets:bearry - stevekung.mods.moreplanets.planets.fronos.entity.EntityBearry
moreplanets.jelly_slime - moreplanets:jelly_slime - stevekung.mods.moreplanets.planets.fronos.entity.EntityJellySlime
moreplanets.terrastone_golem - moreplanets:terrastone_golem - stevekung.mods.moreplanets.planets.nibiru.entity.EntityTerrastoneGolem
moreplanets.terrasquid - moreplanets:terrasquid - stevekung.mods.moreplanets.planets.nibiru.entity.EntityTerrasquid
moreplanets.space_minecart_chest - moreplanets:space_minecart_chest - stevekung.mods.moreplanets.entity.EntitySpaceMinecartChest
moreplanets.infected_purlonite_tentacle - moreplanets:infected_purlonite_tentacle - stevekung.mods.moreplanets.planets.diona.entity.EntityInfectedPurloniteTentacle
moreplanets.cheese_spore - moreplanets:cheese_spore - stevekung.mods.moreplanets.planets.chalos.entity.projectile.EntityCheeseSpore
moreplanets.small_cheese_spore - moreplanets:small_cheese_spore - stevekung.mods.moreplanets.planets.chalos.entity.projectile.EntitySmallCheeseSpore
moreplanets.infected_purlonite_bomb - moreplanets:infected_purlonite_bomb - stevekung.mods.moreplanets.planets.diona.entity.EntityInfectedPurloniteBomb
moreplanets.nibiru_lightning_bolt - moreplanets:nibiru_lightning_bolt - stevekung.mods.moreplanets.planets.nibiru.entity.weather.EntityNibiruLightningBolt
moreplanets.dark_lightning_bolt - moreplanets:dark_lightning_bolt - stevekung.mods.moreplanets.planets.diona.entity.EntityDarkLightningBolt
moreplanets.infected_snowball - moreplanets:infected_snowball - stevekung.mods.moreplanets.planets.nibiru.entity.projectile.EntityInfectedSnowball
moreplanets.purified_snowball - moreplanets:purified_snowball - stevekung.mods.moreplanets.planets.nibiru.entity.projectile.EntityPurifiedSnowball
moreplanets.black_hole - moreplanets:black_hole - stevekung.mods.moreplanets.entity.EntityBlackHole
moreplanets.infected_egg - moreplanets:infected_egg - stevekung.mods.moreplanets.planets.nibiru.entity.projectile.EntityInfectedEgg
moreplanets.infected_purlonite_arrow - moreplanets:infected_purlonite_arrow - stevekung.mods.moreplanets.planets.diona.entity.projectile.EntityInfectedPurloniteArrow
moreplanets.infected_arrow - moreplanets:infected_arrow - stevekung.mods.moreplanets.planets.nibiru.entity.projectile.EntityInfectedArrow
moreplanets.space_fish_hook - moreplanets:space_fish_hook - stevekung.mods.moreplanets.entity.projectile.EntitySpaceFishHook
moreplanets.alien_beam - moreplanets:alien_beam - stevekung.mods.moreplanets.planets.diona.entity.EntityAlienBeam
moreplanets.vein_eye - moreplanets:vein_eye - stevekung.mods.moreplanets.planets.nibiru.entity.projectile.EntityVeinEye
moreplanets.laser_bullet - moreplanets:laser_bullet - stevekung.mods.moreplanets.entity.projectile.EntityLaserBullet
moreplanets.vein_ball - moreplanets:vein_ball - stevekung.mods.moreplanets.planets.nibiru.entity.projectile.EntityVeinBall
moreplanets.black_hole_storage - moreplanets:black_hole_storage - stevekung.mods.moreplanets.entity.EntityBlackHoleStorage
moreplanets.anti_gravity_arrow - moreplanets:anti_gravity_arrow - stevekung.mods.moreplanets.planets.diona.entity.projectile.EntityAntiGravityArrow
moreplanets.falling_koentus_meteor - moreplanets:falling_koentus_meteor - stevekung.mods.moreplanets.moons.koentus.entity.EntityFallingKoentusMeteor
moreplanets.anti_gravity_falling_block - moreplanets:anti_gravity_falling_block - stevekung.mods.moreplanets.entity.EntityAntiGravFallingBlock
moreplanets.koentus_meteor - moreplanets:koentus_meteor - stevekung.mods.moreplanets.moons.koentus.entity.EntityKoentusMeteor
insanium_arrow - mysticaladaptations:insanium_arrow - com.focamacho.mysticaladaptations.entities.EntityInsaniumArrow
SupremeLeader - plustic:supremeleader - landmaster.plustic.entity.EntitySupremeLeader
BlindBandit - plustic:blindbandit - landmaster.plustic.entity.EntityBlindBandit
playerSoul - randomthings:playersoul - lumien.randomthings.entitys.EntitySoul
reviveCircle - randomthings:revivecircle - lumien.randomthings.entitys.EntityReviveCircle
spirit - randomthings:spirit - lumien.randomthings.entitys.EntitySpirit
artificialEndPortal - randomthings:artificialendportal - lumien.randomthings.entitys.EntityArtificialEndPortal
projectedItem - randomthings:projecteditem - lumien.randomthings.entitys.EntityProjectedItem
flooFirePlace - randomthings:floofireplace - lumien.randomthings.entitys.EntityTemporaryFlooFireplace
fallingBlockSpecial - randomthings:fallingblockspecial - lumien.randomthings.entitys.EntityFallingBlockSpecial
goldenChicken - randomthings:goldenchicken - lumien.randomthings.entitys.EntityGoldenChicken
goldenEgg - randomthings:goldenegg - lumien.randomthings.entitys.EntityGoldenEgg
thrownWeatherEgg - randomthings:thrownweatheregg - lumien.randomthings.entitys.EntityThrownWeatherEgg
weatherCloud - randomthings:weathercloud - lumien.randomthings.entitys.EntityWeatherCloud
timeAccelerator - randomthings:timeaccelerator - lumien.randomthings.entitys.EntityTimeAccelerator
spectreIlluminator - randomthings:spectreilluminator - lumien.randomthings.entitys.EntitySpectreIlluminator
eclipsedClock - randomthings:eclipsedclock - lumien.randomthings.entitys.EntityEclipsedClock
redstonearsenal.flux_arrow - redstonearsenal:flux_arrow - cofh.redstonearsenal.entity.projectile.EntityArrowFlux
GenericProjectile - techguns:genericprojectile - techguns.entities.projectiles.GenericProjectile
GenericProjectileIncendiary - techguns:genericprojectileincendiary - techguns.entities.projectiles.GenericProjectileIncendiary
RocketProjectile - techguns:rocketprojectile - techguns.entities.projectiles.RocketProjectile
StoneBulletProjectile - techguns:stonebulletprojectile - techguns.entities.projectiles.StoneBulletProjectile
BioGunProjectile - techguns:biogunprojectile - techguns.entities.projectiles.BioGunProjectile
FlamethrowerProjectile - techguns:flamethrowerprojectile - techguns.entities.projectiles.FlamethrowerProjectile
GrenadeProjectile - techguns:grenadeprojectile - techguns.entities.projectiles.GrenadeProjectile
Grenade40mmProjectile - techguns:grenade40mmprojectile - techguns.entities.projectiles.Grenade40mmProjectile
LaserProjectile - techguns:laserprojectile - techguns.entities.projectiles.LaserProjectile
TeslaProjectile - techguns:teslaprojectile - techguns.entities.projectiles.TeslaProjectile
NDRProjectile - techguns:ndrprojectile - techguns.entities.projectiles.NDRProjectile
BlasterProjectile - techguns:blasterprojectile - techguns.entities.projectiles.BlasterProjectile
GaussProjectile - techguns:gaussprojectile - techguns.entities.projectiles.GaussProjectile
AdvancedBulletProjectile - techguns:advancedbulletprojectile - techguns.entities.projectiles.AdvancedBulletProjectile
GuidedMissileProjectile - techguns:guidedmissileprojectile - techguns.entities.projectiles.GuidedMissileProjectile
DeatomizerProjectile - techguns:deatomizerprojectile - techguns.entities.projectiles.DeatomizerProjectile
AlienBlasterProjectile - techguns:alienblasterprojectile - techguns.entities.projectiles.AlienBlasterProjectile
SonicShotgunProjectile - techguns:sonicshotgunprojectile - techguns.entities.projectiles.SonicShotgunProjectile
CyberdemonBlasterProjectile - techguns:cyberdemonblasterprojectile - techguns.entities.projectiles.CyberdemonBlasterProjectile
PowerHammerProjectile - techguns:powerhammerprojectile - techguns.entities.projectiles.PowerHammerProjectile
ChainsawProjectile - techguns:chainsawprojectile - techguns.entities.projectiles.ChainsawProjectile
FragGrenadeProjectile - techguns:fraggrenadeprojectile - techguns.entities.projectiles.FragGrenadeProjectile
RocketProjectileNuke - techguns:rocketprojectilenuke - techguns.entities.projectiles.RocketProjectileNuke
TFGProjectile - techguns:tfgprojectile - techguns.entities.projectiles.TFGProjectile
GenericProjectileExplosive - techguns:genericprojectileexplosive - techguns.entities.projectiles.GenericProjectileExplosive
RocketProjectileHV - techguns:rocketprojectilehv - techguns.entities.projectiles.RocketProjectileHV
RadiationEntity - techguns:radiationentity - techguns.entities.special.EntityRadiation
GuidedMissileProjectileHV - techguns:guidedmissileprojectilehv - techguns.entities.projectiles.GuidedMissileProjectileHV
techguns.Turret - techguns:turret - techguns.entities.npcs.NPCTurret
techguns.DummySpawn - techguns:tgdummyspawn - techguns.entities.npcs.TGDummySpawn
techguns.ZombieSoldier - techguns:zombiesoldier - techguns.entities.npcs.ZombieSoldier
techguns.ZombieFarmer - techguns:zombiefarmer - techguns.entities.npcs.ZombieFarmer
techguns.ZombieMiner - techguns:zombieminer - techguns.entities.npcs.ZombieMiner
techguns.ArmySoldier - techguns:armysoldier - techguns.entities.npcs.ArmySoldier
techguns.Bandit - techguns:bandit - techguns.entities.npcs.Bandit
techguns.Commando - techguns:commando - techguns.entities.npcs.Commando
techguns.DictatorDave - techguns:dictatordave - techguns.entities.npcs.DictatorDave
techguns.CyberDemon - techguns:cyberdemon - techguns.entities.npcs.CyberDemon
techguns.SkeletonSoldier - techguns:skeletonsoldier - techguns.entities.npcs.SkeletonSoldier
techguns.PsychoSteve - techguns:psychosteve - techguns.entities.npcs.PsychoSteve
techguns.StormTrooper - techguns:stormtrooper - techguns.entities.npcs.StormTrooper
techguns.Outcast - techguns:outcast - techguns.entities.npcs.Outcast
techguns.ZombiePigmanSoldier - techguns:zombiepigmansoldier - techguns.entities.npcs.ZombiePigmanSoldier
techguns.SuperMutantBasic - techguns:supermutantbasic - techguns.entities.npcs.SuperMutantBasic
techguns.SuperMutantElite - techguns:supermutantelite - techguns.entities.npcs.SuperMutantElite
techguns.SuperMutantHeavy - techguns:supermutantheavy - techguns.entities.npcs.SuperMutantHeavy
techguns.AttackHelicopter - techguns:attackhelicopter - techguns.entities.npcs.AttackHelicopter
techguns.AlienBug - techguns:alienbug - techguns.entities.npcs.AlienBug
techguns.Ghastling - techguns:ghastling - techguns.entities.npcs.Ghastling
techguns.ZombiePoliceman - techguns:zombiepoliceman - techguns.entities.npcs.ZombiePoliceman
phantomwolf - tinkerscompendium:phantomwolf - lance5057.tDefense.core.entities.EntityPhantomWolf
failed_pig - matteroverdrive:failed_pig - matteroverdrive.entity.EntityFailedPig
failed_cow - matteroverdrive:failed_cow - matteroverdrive.entity.EntityFailedCow
failed_chicken - matteroverdrive:failed_chicken - matteroverdrive.entity.EntityFailedChicken
failed_sheep - matteroverdrive:failed_sheep - matteroverdrive.entity.EntityFailedSheep
mad_scientist - matteroverdrive:mad_scientist - matteroverdrive.entity.EntityVillagerMadScientist
mutant_scientist - matteroverdrive:mutant_scientist - matteroverdrive.entity.monster.EntityMutantScientist
rogue_android - matteroverdrive:rogue_android - matteroverdrive.entity.monster.EntityMeleeRougeAndroidMob
ranged_rogue_android - matteroverdrive:ranged_rogue_android - matteroverdrive.entity.monster.EntityRangedRogueAndroidMob
drone - matteroverdrive:drone - matteroverdrive.entity.EntityDrone
EntityTinyTNTPrimed - appliedenergistics2:appeng.entity.entitytinytntprimed - appeng.entity.EntityTinyTNTPrimed
EntityGrowingCrystal - appliedenergistics2:appeng.entity.entitygrowingcrystal - appeng.entity.EntityGrowingCrystal
EntitySingularity - appliedenergistics2:appeng.entity.entitysingularity - appeng.entity.EntitySingularity
EntityChargedQuartz - appliedenergistics2:appeng.entity.entitychargedquartz - appeng.entity.EntityChargedQuartz
CultistPortalGreater - thaumcraft:cultistportalgreater - thaumcraft.common.entities.monster.boss.EntityCultistPortalGreater
CultistPortalLesser - thaumcraft:cultistportallesser - thaumcraft.common.entities.monster.cult.EntityCultistPortalLesser
FluxRift - thaumcraft:fluxrift - thaumcraft.common.entities.EntityFluxRift
SpecialItem - thaumcraft:specialitem - thaumcraft.common.entities.EntitySpecialItem
FollowItem - thaumcraft:followitem - thaumcraft.common.entities.EntityFollowingItem
FallingTaint - thaumcraft:fallingtaint - thaumcraft.common.entities.EntityFallingTaint
Alumentum - thaumcraft:alumentum - thaumcraft.common.entities.projectile.EntityAlumentum
GolemDart - thaumcraft:golemdart - thaumcraft.common.entities.projectile.EntityGolemDart
EldritchOrb - thaumcraft:eldritchorb - thaumcraft.common.entities.projectile.EntityEldritchOrb
BottleTaint - thaumcraft:bottletaint - thaumcraft.common.entities.projectile.EntityBottleTaint
GolemOrb - thaumcraft:golemorb - thaumcraft.common.entities.projectile.EntityGolemOrb
Grapple - thaumcraft:grapple - thaumcraft.common.entities.projectile.EntityGrapple
CausalityCollapser - thaumcraft:causalitycollapser - thaumcraft.common.entities.projectile.EntityCausalityCollapser
FocusProjectile - thaumcraft:focusprojectile - thaumcraft.common.entities.projectile.EntityFocusProjectile
FocusCloud - thaumcraft:focuscloud - thaumcraft.common.entities.projectile.EntityFocusCloud
Focusmine - thaumcraft:focusmine - thaumcraft.common.entities.projectile.EntityFocusMine
TurretBasic - thaumcraft:turretbasic - thaumcraft.common.entities.construct.EntityTurretCrossbow
TurretAdvanced - thaumcraft:turretadvanced - thaumcraft.common.entities.construct.EntityTurretCrossbowAdvanced
ArcaneBore - thaumcraft:arcanebore - thaumcraft.common.entities.construct.EntityArcaneBore
Golem - thaumcraft:golem - thaumcraft.common.golems.EntityThaumcraftGolem
EldritchWarden - thaumcraft:eldritchwarden - thaumcraft.common.entities.monster.boss.EntityEldritchWarden
EldritchGolem - thaumcraft:eldritchgolem - thaumcraft.common.entities.monster.boss.EntityEldritchGolem
CultistLeader - thaumcraft:cultistleader - thaumcraft.common.entities.monster.boss.EntityCultistLeader
TaintacleGiant - thaumcraft:taintaclegiant - thaumcraft.common.entities.monster.boss.EntityTaintacleGiant
BrainyZombie - thaumcraft:brainyzombie - thaumcraft.common.entities.monster.EntityBrainyZombie
GiantBrainyZombie - thaumcraft:giantbrainyzombie - thaumcraft.common.entities.monster.EntityGiantBrainyZombie
Wisp - thaumcraft:wisp - thaumcraft.common.entities.monster.EntityWisp
Firebat - thaumcraft:firebat - thaumcraft.common.entities.monster.EntityFireBat
Spellbat - thaumcraft:spellbat - thaumcraft.common.entities.monster.EntitySpellBat
Pech - thaumcraft:pech - thaumcraft.common.entities.monster.EntityPech
MindSpider - thaumcraft:mindspider - thaumcraft.common.entities.monster.EntityMindSpider
EldritchGuardian - thaumcraft:eldritchguardian - thaumcraft.common.entities.monster.EntityEldritchGuardian
CultistKnight - thaumcraft:cultistknight - thaumcraft.common.entities.monster.cult.EntityCultistKnight
CultistCleric - thaumcraft:cultistcleric - thaumcraft.common.entities.monster.cult.EntityCultistCleric
EldritchCrab - thaumcraft:eldritchcrab - thaumcraft.common.entities.monster.EntityEldritchCrab
InhabitedZombie - thaumcraft:inhabitedzombie - thaumcraft.common.entities.monster.EntityInhabitedZombie
ThaumSlime - thaumcraft:thaumslime - thaumcraft.common.entities.monster.EntityThaumicSlime
TaintCrawler - thaumcraft:taintcrawler - thaumcraft.common.entities.monster.tainted.EntityTaintCrawler
Taintacle - thaumcraft:taintacle - thaumcraft.common.entities.monster.tainted.EntityTaintacle
TaintacleTiny - thaumcraft:taintacletiny - thaumcraft.common.entities.monster.tainted.EntityTaintacleSmall
TaintSwarm - thaumcraft:taintswarm - thaumcraft.common.entities.monster.tainted.EntityTaintSwarm
TaintSeed - thaumcraft:taintseed - thaumcraft.common.entities.monster.tainted.EntityTaintSeed
TaintSeedPrime - thaumcraft:taintseedprime - thaumcraft.common.entities.monster.tainted.EntityTaintSeedPrime
enderio.falling_machine - enderio:falling_machine - crazypants.enderio.base.machine.entity.EntityFallingMachine
enderio.primed_charge - enderio:primed_charge - crazypants.enderio.base.block.charge.EntityPrimedCharge
enderio.owl_egg - enderio:owl_egg - crazypants.enderio.base.item.eggs.EntityOwlEgg
WaterProjectile - projecte:water_projectile - moze_intel.projecte.gameObjs.entity.EntityWaterProjectile
LavaProjectile - projecte:lava_projectile - moze_intel.projecte.gameObjs.entity.EntityLavaProjectile
MobRandomizer - projecte:mob_randomizer - moze_intel.projecte.gameObjs.entity.EntityMobRandomizer
LensProjectile - projecte:lens_projectile - moze_intel.projecte.gameObjs.entity.EntityLensProjectile
NovaCatalystPrimed - projecte:nova_catalyst_primed - moze_intel.projecte.gameObjs.entity.EntityNovaCatalystPrimed
NovaCataclysmPrimed - projecte:nova_cataclysm_primed - moze_intel.projecte.gameObjs.entity.EntityNovaCataclysmPrimed
HomingArrow - projecte:homing_arrow - moze_intel.projecte.gameObjs.entity.EntityHomingArrow
FireProjectile - projecte:fire_projectile - moze_intel.projecte.gameObjs.entity.EntityFireProjectile
LightningProjectile - projecte:swrg_projectile - moze_intel.projecte.gameObjs.entity.EntitySWRGProjectile
twilightforest.wild_boar - twilightforest:wild_boar - twilightforest.entity.passive.EntityTFBoar
twilightforest.bighorn_sheep - twilightforest:bighorn_sheep - twilightforest.entity.passive.EntityTFBighorn
twilightforest.deer - twilightforest:deer - twilightforest.entity.passive.EntityTFDeer
twilightforest.redcap - twilightforest:redcap - twilightforest.entity.EntityTFRedcap
twilightforest.swarm_spider - twilightforest:swarm_spider - twilightforest.entity.EntityTFSwarmSpider
twilightforest.naga - twilightforest:naga - twilightforest.entity.boss.EntityTFNaga
twilightforest.skeleton_druid - twilightforest:skeleton_druid - twilightforest.entity.EntityTFSkeletonDruid
twilightforest.hostile_wolf - twilightforest:hostile_wolf - twilightforest.entity.EntityTFHostileWolf
twilightforest.wraith - twilightforest:wraith - twilightforest.entity.EntityTFWraith
twilightforest.hedge_spider - twilightforest:hedge_spider - twilightforest.entity.EntityTFHedgeSpider
twilightforest.hydra - twilightforest:hydra - twilightforest.entity.boss.EntityTFHydra
twilightforest.lich - twilightforest:lich - twilightforest.entity.boss.EntityTFLich
twilightforest.penguin - twilightforest:penguin - twilightforest.entity.passive.EntityTFPenguin
twilightforest.lich_minion - twilightforest:lich_minion - twilightforest.entity.boss.EntityTFLichMinion
twilightforest.loyal_zombie - twilightforest:loyal_zombie - twilightforest.entity.EntityTFLoyalZombie
twilightforest.tiny_bird - twilightforest:tiny_bird - twilightforest.entity.passive.EntityTFTinyBird
twilightforest.squirrel - twilightforest:squirrel - twilightforest.entity.passive.EntityTFSquirrel
twilightforest.bunny - twilightforest:bunny - twilightforest.entity.passive.EntityTFBunny
twilightforest.raven - twilightforest:raven - twilightforest.entity.passive.EntityTFRaven
twilightforest.quest_ram - twilightforest:quest_ram - twilightforest.entity.passive.EntityTFQuestRam
twilightforest.kobold - twilightforest:kobold - twilightforest.entity.EntityTFKobold
twilightforest.mosquito_swarm - twilightforest:mosquito_swarm - twilightforest.entity.EntityTFMosquitoSwarm
twilightforest.death_tome - twilightforest:death_tome - twilightforest.entity.EntityTFDeathTome
twilightforest.minotaur - twilightforest:minotaur - twilightforest.entity.EntityTFMinotaur
twilightforest.minoshroom - twilightforest:minoshroom - twilightforest.entity.boss.EntityTFMinoshroom
twilightforest.fire_beetle - twilightforest:fire_beetle - twilightforest.entity.EntityTFFireBeetle
twilightforest.slime_beetle - twilightforest:slime_beetle - twilightforest.entity.EntityTFSlimeBeetle
twilightforest.pinch_beetle - twilightforest:pinch_beetle - twilightforest.entity.EntityTFPinchBeetle
twilightforest.maze_slime - twilightforest:maze_slime - twilightforest.entity.EntityTFMazeSlime
twilightforest.redcap_sapper - twilightforest:redcap_sapper - twilightforest.entity.EntityTFRedcapSapper
twilightforest.mist_wolf - twilightforest:mist_wolf - twilightforest.entity.EntityTFMistWolf
twilightforest.king_spider - twilightforest:king_spider - twilightforest.entity.EntityTFKingSpider
twilightforest.firefly - twilightforest:firefly - twilightforest.entity.passive.EntityTFMobileFirefly
twilightforest.mini_ghast - twilightforest:mini_ghast - twilightforest.entity.EntityTFMiniGhast
twilightforest.tower_ghast - twilightforest:tower_ghast - twilightforest.entity.EntityTFTowerGhast
twilightforest.tower_golem - twilightforest:tower_golem - twilightforest.entity.EntityTFTowerGolem
twilightforest.tower_termite - twilightforest:tower_termite - twilightforest.entity.EntityTFTowerTermite
twilightforest.tower_broodling - twilightforest:tower_broodling - twilightforest.entity.EntityTFTowerBroodling
twilightforest.ur_ghast - twilightforest:ur_ghast - twilightforest.entity.boss.EntityTFUrGhast
twilightforest.blockchain_goblin - twilightforest:blockchain_goblin - twilightforest.entity.EntityTFBlockGoblin
twilightforest.goblin_knight_upper - twilightforest:goblin_knight_upper - twilightforest.entity.EntityTFGoblinKnightUpper
twilightforest.goblin_knight_lower - twilightforest:goblin_knight_lower - twilightforest.entity.EntityTFGoblinKnightLower
twilightforest.helmet_crab - twilightforest:helmet_crab - twilightforest.entity.EntityTFHelmetCrab
twilightforest.knight_phantom - twilightforest:knight_phantom - twilightforest.entity.boss.EntityTFKnightPhantom
twilightforest.yeti - twilightforest:yeti - twilightforest.entity.EntityTFYeti
twilightforest.yeti_alpha - twilightforest:yeti_alpha - twilightforest.entity.boss.EntityTFYetiAlpha
twilightforest.winter_wolf - twilightforest:winter_wolf - twilightforest.entity.EntityTFWinterWolf
twilightforest.snow_guardian - twilightforest:snow_guardian - twilightforest.entity.EntityTFSnowGuardian
twilightforest.stable_ice_core - twilightforest:stable_ice_core - twilightforest.entity.EntityTFIceShooter
twilightforest.unstable_ice_core - twilightforest:unstable_ice_core - twilightforest.entity.EntityTFIceExploder
twilightforest.snow_queen - twilightforest:snow_queen - twilightforest.entity.boss.EntityTFSnowQueen
twilightforest.troll - twilightforest:troll - twilightforest.entity.EntityTFTroll
twilightforest.giant_miner - twilightforest:giant_miner - twilightforest.entity.EntityTFGiantMiner
twilightforest.armored_giant - twilightforest:armored_giant - twilightforest.entity.EntityTFArmoredGiant
twilightforest.ice_crystal - twilightforest:ice_crystal - twilightforest.entity.boss.EntityTFIceCrystal
twilightforest.harbinger_cube - twilightforest:harbinger_cube - twilightforest.entity.EntityTFHarbingerCube
twilightforest.adherent - twilightforest:adherent - twilightforest.entity.EntityTFAdherent
twilightforest.roving_cube - twilightforest:roving_cube - twilightforest.entity.EntityTFRovingCube
twilightforest.castle_guardian - twilightforest:castle_guardian - twilightforest.entity.finalcastle.EntityTFCastleGuardian
twilightforest.hydra_head - twilightforest:hydra_head - twilightforest.entity.boss.EntityTFHydraHead
twilightforest.nature_bolt - twilightforest:nature_bolt - twilightforest.entity.EntityTFNatureBolt
twilightforest.lich_bolt - twilightforest:lich_bolt - twilightforest.entity.boss.EntityTFLichBolt
twilightforest.wand_bolt - twilightforest:wand_bolt - twilightforest.entity.EntityTFTwilightWandBolt
twilightforest.tome_bolt - twilightforest:tome_bolt - twilightforest.entity.EntityTFTomeBolt
twilightforest.hydra_mortar - twilightforest:hydra_mortar - twilightforest.entity.boss.EntityTFHydraMortar
twilightforest.lich_bomb - twilightforest:lich_bomb - twilightforest.entity.boss.EntityTFLichBomb
twilightforest.moonworm_shot - twilightforest:moonworm_shot - twilightforest.entity.EntityTFMoonwormShot
twilightforest.slime_blob - twilightforest:slime_blob - twilightforest.entity.EntityTFSlimeProjectile
twilightforest.charm_effect - twilightforest:charm_effect - twilightforest.entity.EntityTFCharmEffect
twilightforest.thrown_wep - twilightforest:thrown_wep - twilightforest.entity.boss.EntityTFThrownWep
twilightforest.falling_ice - twilightforest:falling_ice - twilightforest.entity.boss.EntityTFFallingIce
twilightforest.thrown_ice - twilightforest:thrown_ice - twilightforest.entity.boss.EntityTFIceBomb
twilightforest.seeker_arrow - twilightforest:seeker_arrow - twilightforest.entity.EntitySeekerArrow
twilightforest.ice_arrow - twilightforest:ice_arrow - twilightforest.entity.EntityIceArrow
twilightforest.ice_snowball - twilightforest:ice_snowball - twilightforest.entity.EntityTFIceSnowball
twilightforest.chain_block - twilightforest:chain_block - twilightforest.entity.EntityTFChainBlock
twilightforest.cube_of_annihilation - twilightforest:cube_of_annihilation - twilightforest.entity.EntityTFCubeOfAnnihilation
twilightforest.slider - twilightforest:slider - twilightforest.entity.EntityTFSlideBlock
twilightforest.boggard - twilightforest:boggard - twilightforest.entity.EntityTFBoggard
twilightforest.rising_zombie - twilightforest:rising_zombie - twilightforest.entity.EntityTFRisingZombie
tconstruct.blueslime - tconstruct:blueslime - slimeknights.tconstruct.world.entity.EntityBlueSlime
Indestructible Item - tconstruct:indestructible - slimeknights.tconstruct.library.tinkering.IndestructibleEntityItem
arrow - tconstruct:arrow - slimeknights.tconstruct.tools.common.entity.EntityArrow
bolt - tconstruct:bolt - slimeknights.tconstruct.tools.common.entity.EntityBolt
shuriken - tconstruct:shuriken - slimeknights.tconstruct.tools.common.entity.EntityShuriken
Fancy Item Frame - tconstruct:fancy_frame - slimeknights.tconstruct.gadgets.entity.EntityFancyItemFrame
Throwball - tconstruct:throwball - slimeknights.tconstruct.gadgets.entity.EntityThrowball
defiledlands.shambler - defiledlands:shambler - lykrast.defiledlands.common.entity.monster.EntityShambler
defiledlands.shambler_twisted - defiledlands:shambler_twisted - lykrast.defiledlands.common.entity.monster.EntityShamblerTwisted
defiledlands.scuttler - defiledlands:scuttler - lykrast.defiledlands.common.entity.monster.EntityScuttler
defiledlands.host - defiledlands:host - lykrast.defiledlands.common.entity.monster.EntityHost
defiledlands.slime_defiled - defiledlands:slime_defiled - lykrast.defiledlands.common.entity.monster.EntitySlimeDefiled
defiledlands.book_wyrm - defiledlands:book_wyrm - lykrast.defiledlands.common.entity.passive.EntityBookWyrm
defiledlands.the_destroyer - defiledlands:the_destroyer - lykrast.defiledlands.common.entity.boss.EntityDestroyer
defiledlands.the_mourner - defiledlands:the_mourner - lykrast.defiledlands.common.entity.boss.EntityMourner
defiledlands.blastem_fruit - defiledlands:blastem_fruit - lykrast.defiledlands.common.entity.projectile.EntityBlastemFruit
defiledlands.blastem_fruit_blazing - defiledlands:blastem_fruit_blazing - lykrast.defiledlands.common.entity.projectile.EntityBlastemFruitBlazing
defiledlands.ravager_projectile - defiledlands:ravager_projectile - lykrast.defiledlands.common.entity.projectile.EntityRavagerProjectile
weather_rocket - enderiomachines:weather_rocket - crazypants.enderio.machines.machine.obelisk.weather.EntityWeatherRocket
dragonegg - iceandfire:dragonegg - com.github.alexthe666.iceandfire.entity.EntityDragonEgg
dragonarrow - iceandfire:dragonarrow - com.github.alexthe666.iceandfire.entity.EntityDragonArrow
dragonskull - iceandfire:dragonskull - com.github.alexthe666.iceandfire.entity.EntityDragonSkull
firedragon - iceandfire:firedragon - com.github.alexthe666.iceandfire.entity.EntityFireDragon
icedragon - iceandfire:icedragon - com.github.alexthe666.iceandfire.entity.EntityIceDragon
dragonfirecharge - iceandfire:dragonfirecharge - com.github.alexthe666.iceandfire.entity.EntityDragonFireCharge
dragonicecharge - iceandfire:dragonicecharge - com.github.alexthe666.iceandfire.entity.EntityDragonIceCharge
snowvillager - iceandfire:snowvillager - com.github.alexthe666.iceandfire.entity.EntitySnowVillager
hippogryphegg - iceandfire:hippogryphegg - com.github.alexthe666.iceandfire.entity.EntityHippogryphEgg
hippogryph - iceandfire:hippogryph - com.github.alexthe666.iceandfire.entity.EntityHippogryph
stonestatue - iceandfire:stonestatue - com.github.alexthe666.iceandfire.entity.EntityStoneStatue
gorgon - iceandfire:gorgon - com.github.alexthe666.iceandfire.entity.EntityGorgon
if_pixie - iceandfire:if_pixie - com.github.alexthe666.iceandfire.entity.EntityPixie
cyclops - iceandfire:cyclops - com.github.alexthe666.iceandfire.entity.EntityCyclops
siren - iceandfire:siren - com.github.alexthe666.iceandfire.entity.EntitySiren
hippocampus - iceandfire:hippocampus - com.github.alexthe666.iceandfire.entity.EntityHippocampus
deathworm - iceandfire:deathworm - com.github.alexthe666.iceandfire.entity.EntityDeathWorm
deathwormegg - iceandfire:deathwormegg - com.github.alexthe666.iceandfire.entity.EntityDeathWormEgg
if_cockatrice - iceandfire:if_cockatrice - com.github.alexthe666.iceandfire.entity.EntityCockatrice
if_cockatriceegg - iceandfire:if_cockatriceegg - com.github.alexthe666.iceandfire.entity.EntityCockatriceEgg
stymphalianbird - iceandfire:stymphalianbird - com.github.alexthe666.iceandfire.entity.EntityStymphalianBird
stymphalianfeather - iceandfire:stymphalianfeather - com.github.alexthe666.iceandfire.entity.EntityStymphalianFeather
stymphalianarrow - iceandfire:stymphalianarrow - com.github.alexthe666.iceandfire.entity.EntityStymphalianArrow
if_troll - iceandfire:if_troll - com.github.alexthe666.iceandfire.entity.EntityTroll
myrmex_worker - iceandfire:myrmex_worker - com.github.alexthe666.iceandfire.entity.EntityMyrmexWorker
myrmex_soldier - iceandfire:myrmex_soldier - com.github.alexthe666.iceandfire.entity.EntityMyrmexSoldier
myrmex_sentinel - iceandfire:myrmex_sentinel - com.github.alexthe666.iceandfire.entity.EntityMyrmexSentinel
myrmex_royal - iceandfire:myrmex_royal - com.github.alexthe666.iceandfire.entity.EntityMyrmexRoyal
myrmex_queen - iceandfire:myrmex_queen - com.github.alexthe666.iceandfire.entity.EntityMyrmexQueen
myrmex_egg - iceandfire:myrmex_egg - com.github.alexthe666.iceandfire.entity.EntityMyrmexEgg
amphithere - iceandfire:amphithere - com.github.alexthe666.iceandfire.entity.EntityAmphithere
amphitherearrow - iceandfire:amphitherearrow - com.github.alexthe666.iceandfire.entity.EntityAmphithereArrow
seaserpent - iceandfire:seaserpent - com.github.alexthe666.iceandfire.entity.EntitySeaSerpent
seaserpentbubble - iceandfire:seaserpentbubble - com.github.alexthe666.iceandfire.entity.EntitySeaSerpentBubbles
seaserpentarrow - iceandfire:seaserpentarrow - com.github.alexthe666.iceandfire.entity.EntitySeaSerpentArrow
chaintie - iceandfire:chaintie - com.github.alexthe666.iceandfire.entity.EntityChainTie
pixiecharge - iceandfire:pixiecharge - com.github.alexthe666.iceandfire.entity.EntityPixieCharge
myrmex_swarmer - iceandfire:myrmex_swarmer - com.github.alexthe666.iceandfire.entity.EntityMyrmexSwarmer
tide_trident - iceandfire:tide_trident - com.github.alexthe666.iceandfire.entity.EntityTideTrident
if_mob_skull - iceandfire:if_mob_skull - com.github.alexthe666.iceandfire.entity.EntityMobSkull
dread_thrall - iceandfire:dread_thrall - com.github.alexthe666.iceandfire.entity.EntityDreadThrall
dread_ghoul - iceandfire:dread_ghoul - com.github.alexthe666.iceandfire.entity.EntityDreadGhoul
dread_beast - iceandfire:dread_beast - com.github.alexthe666.iceandfire.entity.EntityDreadBeast
dread_scuttler - iceandfire:dread_scuttler - com.github.alexthe666.iceandfire.entity.EntityDreadScuttler
dread_lich - iceandfire:dread_lich - com.github.alexthe666.iceandfire.entity.EntityDreadLich
dread_lich_skull - iceandfire:dread_lich_skull - com.github.alexthe666.iceandfire.entity.EntityDreadLichSkull
dread_knight - iceandfire:dread_knight - com.github.alexthe666.iceandfire.entity.EntityDreadKnight
dread_horse - iceandfire:dread_horse - com.github.alexthe666.iceandfire.entity.EntityDreadHorse
if_hydra - iceandfire:if_hydra - com.github.alexthe666.iceandfire.entity.EntityHydra
hydra_breath - iceandfire:hydra_breath - com.github.alexthe666.iceandfire.entity.EntityHydraBreath
hydra_arrow - iceandfire:hydra_arrow - com.github.alexthe666.iceandfire.entity.EntityHydraArrow
ObsidianTNT - mekanism:obsidiantnt - mekanism.common.entity.EntityObsidianTNT
Robit - mekanism:robit - mekanism.common.entity.EntityRobit
Balloon - mekanism:balloon - mekanism.common.entity.EntityBalloon
BabySkeleton - mekanism:babyskeleton - mekanism.common.entity.EntityBabySkeleton
Flame - mekanism:flame - mekanism.common.entity.EntityFlame
imp - natura:imp - com.progwml6.natura.entities.entity.passive.EntityImp
nitrocreeper - natura:nitrocreeper - com.progwml6.natura.entities.entity.monster.EntityNitroCreeper
netherex:ghast_queen_fireball - netherex:ghast_queen_fireball - logictechcorp.netherex.entity.projectile.EntityGhastQueenFireball
netherex:ghastling_fireball - netherex:ghastling_fireball - logictechcorp.netherex.entity.projectile.EntityGhastlingFireball
netherex:blue_fireball - netherex:blue_fireball - logictechcorp.netherex.entity.projectile.EntityBlueFireball
netherex:obsidian_boat - netherex:obsidian_boat - logictechcorp.netherex.entity.item.EntityObsidianBoat
netherex:pigtificate_leader - netherex:pigtificate_leader - logictechcorp.netherex.entity.passive.EntityPigtificateLeader
netherex:pigtificate - netherex:pigtificate - logictechcorp.netherex.entity.passive.EntityPigtificate
netherex:gold_golem - netherex:gold_golem - logictechcorp.netherex.entity.neutral.EntityGoldGolem
netherex:mogus - netherex:mogus - logictechcorp.netherex.entity.neutral.EntityMogus
netherex:salamander - netherex:salamander - logictechcorp.netherex.entity.neutral.EntitySalamander
netherex:wight - netherex:wight - logictechcorp.netherex.entity.monster.EntityWight
netherex:ember - netherex:ember - logictechcorp.netherex.entity.monster.EntityEmber
netherex:nethermite - netherex:nethermite - logictechcorp.netherex.entity.monster.EntityNethermite
netherex:spinout - netherex:spinout - logictechcorp.netherex.entity.monster.EntitySpinout
netherex:spore_creeper - netherex:spore_creeper - logictechcorp.netherex.entity.monster.EntitySporeCreeper
netherex:spore - netherex:spore - logictechcorp.netherex.entity.monster.EntitySpore
netherex:ghastling - netherex:ghastling - logictechcorp.netherex.entity.monster.EntityGhastling
netherex:coolmar_spider - netherex:coolmar_spider - logictechcorp.netherex.entity.monster.EntityCoolmarSpider
netherex:brute - netherex:brute - logictechcorp.netherex.entity.monster.EntityBrute
netherex:frost - netherex:frost - logictechcorp.netherex.entity.monster.EntityFrost
netherex:ghast_queen - netherex:ghast_queen - logictechcorp.netherex.entity.boss.EntityGhastQueen
piercing_arrow - randomenchantments:piercing_arrow - com.tfar.randomenchants.entity.EntitySpecialArrow
rat - rats:rat - com.github.alexthe666.rats.server.entity.EntityRat
illager_piper - rats:illager_piper - com.github.alexthe666.rats.server.entity.EntityIllagerPiper
ratlantean_spirit - rats:ratlantean_spirit - com.github.alexthe666.rats.server.entity.EntityRatlanteanSpirit
ratlantean_flame - rats:ratlantean_flame - com.github.alexthe666.rats.server.entity.EntityRatlanteanFlame
marbled_cheese_golem - rats:marbled_cheese_golem - com.github.alexthe666.rats.server.entity.EntityMarbleCheeseGolem
marbled_cheese_golem_beam - rats:marbled_cheese_golem_beam - com.github.alexthe666.rats.server.entity.EntityGolemBeam
feral_ratlantean - rats:feral_ratlantean - com.github.alexthe666.rats.server.entity.EntityFeralRatlantean
neo_ratlantean - rats:neo_ratlantean - com.github.alexthe666.rats.server.entity.EntityNeoRatlantean
laser_beam - rats:laser_beam - com.github.alexthe666.rats.server.entity.EntityLaserBeam
neo_ratlantean_portal - rats:neo_ratlantean_portal - com.github.alexthe666.rats.server.entity.EntityLaserPortal
thrown_block - rats:thrown_block - com.github.alexthe666.rats.server.entity.EntityThrownBlock
vial_of_sentience - rats:vial_of_sentience - com.github.alexthe666.rats.server.entity.EntityVialOfSentience
pirat_boat - rats:pirat_boat - com.github.alexthe666.rats.server.entity.EntityPiratBoat
pirat - rats:pirat - com.github.alexthe666.rats.server.entity.EntityPirat
cheese_cannonball - rats:cheese_cannonball - com.github.alexthe666.rats.server.entity.EntityCheeseCannonball
plague_doctor - rats:plague_doctor - com.github.alexthe666.rats.server.entity.EntityPlagueDoctor
purifying_liquid - rats:purifying_liquid - com.github.alexthe666.rats.server.entity.EntityPurifyingLiquid
black_death - rats:black_death - com.github.alexthe666.rats.server.entity.EntityBlackDeath
plague_cloud - rats:plague_cloud - com.github.alexthe666.rats.server.entity.EntityPlagueCloud
plague_beast - rats:plague_beast - com.github.alexthe666.rats.server.entity.EntityPlagueBeast
plague_shot - rats:plague_shot - com.github.alexthe666.rats.server.entity.EntityPlagueShot
rat_capture_net - rats:rat_capture_net - com.github.alexthe666.rats.server.entity.EntityRatCaptureNet
rat_dragon_fire - rats:rat_dragon_fire - com.github.alexthe666.rats.server.entity.EntityRatDragonFire
rat_arrow - rats:rat_arrow - com.github.alexthe666.rats.server.entity.EntityRatArrow
projectile_golden_shower - termat:projectile_golden_shower - pajojeku.terrariamaterials.objects.items.tools.magicbooks.GoldenShowerProjectile
projectile_water_bolt - termat:projectile_water_bolt - pajojeku.terrariamaterials.objects.items.tools.magicbooks.WaterBoltProjectile
armed_zombie - termat:armed_zombie - pajojeku.terrariamaterials.entity.EntityArmedZombie
nethender_pearl - tesserakt:nethender_pearl - com.diamssword.tesserakt.entities.NethenderPearlEntity
thaumicaugmentation.dimensional_fracture - thaumicaugmentation:dimensional_fracture - thecodex6824.thaumicaugmentation.common.entity.EntityDimensionalFracture
thaumicaugmentation.item_rift_jar - thaumicaugmentation:item_rift_jar - thecodex6824.thaumicaugmentation.common.entity.EntityItemBlockRiftJar
thaumicaugmentation.item_rift_jar - thaumicaugmentation:item_indestructible - thecodex6824.thaumicaugmentation.common.entity.EntityItemIndestructible
thaumicaugmentation.shield_focus - thaumicaugmentation:shield_focus - thecodex6824.thaumicaugmentation.common.entity.EntityFocusShield
thaumicaugmentation.autocaster - thaumicaugmentation:autocaster - thecodex6824.thaumicaugmentation.common.entity.EntityAutocaster
thaumicaugmentation.autocaster_eldritch - thaumicaugmentation:autocaster_eldritch - thecodex6824.thaumicaugmentation.common.entity.EntityAutocasterEldritch
thaumicaugmentation.eldritch_guardian - thaumicaugmentation:eldritch_guardian - thecodex6824.thaumicaugmentation.common.entity.EntityTAEldritchGuardian
thaumicaugmentation.eldritch_warden - thaumicaugmentation:eldritch_warden - thecodex6824.thaumicaugmentation.common.entity.EntityTAEldritchWarden
thaumicaugmentation.primal_wisp - thaumicaugmentation:primal_wisp - thecodex6824.thaumicaugmentation.common.entity.EntityPrimalWisp
thaumicaugmentation.eldritch_golem - thaumicaugmentation:eldritch_golem - thecodex6824.thaumicaugmentation.common.entity.EntityTAEldritchGolem
thaumicaugmentation.golem_orb - thaumicaugmentation:golem_orb - thecodex6824.thaumicaugmentation.common.entity.EntityTAGolemOrb
dart - tinkersaether:dart - shnupbups.tinkersaether.entities.EntityDart
entitybulletcatgun - fhantoncore:entitybulletcatgun - net.mcreator.fhantoncore.item.ItemCatGun$EntityArrowCustom
entitybulletwavyslingshot - waveymod:entitybulletwavyslingshot - net.mcreator.waveymod.item.ItemWavySlingshot$EntityArrowCustom
entitybulletslingshot - waveymod:entitybulletslingshot - net.mcreator.waveymod.item.ItemSlingshot$EntityArrowCustom
wavyspider - waveymod:wavyspider - net.mcreator.waveymod.entity.EntityWavySpider$EntityCustom
entitybulletholyslingshot - waveymod:entitybulletholyslingshot - net.mcreator.waveymod.item.ItemHolySlingshot$EntityArrowCustom
entitybulletdemonicslingshot - waveymod:entitybulletdemonicslingshot - net.mcreator.waveymod.item.ItemDemonicSlingshot$EntityArrowCustom
entitybulletawakenedslingshot - waveymod:entitybulletawakenedslingshot - net.mcreator.waveymod.item.ItemAwakenedSlingshot$EntityArrowCustom
entitybulletdeebugtestweaponshootawakenswordbolt - waveymod:entitybulletdeebugtestweaponshootawakenswordbolt - net.mcreator.waveymod.item.ItemDEEBUGTESTWEAPONSHOOTAWAKENSWORDBOLT$EntityArrowCustom
runiczombie - waveymod:runiczombie - net.mcreator.waveymod.entity.EntityRunicZombie$EntityCustom
runiccreeper - waveymod:runiccreeper - net.mcreator.waveymod.entity.EntityRunicCreeper$EntityCustom
runiccow - waveymod:runiccow - net.mcreator.waveymod.entity.EntityRunicCow$EntityCustom
runicchicken - waveymod:runicchicken - net.mcreator.waveymod.entity.EntityRunicChicken$EntityCustom
wavychicken - waveymod:wavychicken - net.mcreator.waveymod.entity.EntityWavyChicken$EntityCustom
wavypig - waveymod:wavypig - net.mcreator.waveymod.entity.EntityWavyPig$EntityCustom
entitybulletwavicslingshot - waveymod:entitybulletwavicslingshot - net.mcreator.waveymod.item.ItemWavicSlingShot$EntityArrowCustom
wavicspider - waveymod:wavicspider - net.mcreator.waveymod.entity.EntityWavicSpider$EntityCustom
waviczombie - waveymod:waviczombie - net.mcreator.waveymod.entity.EntityWavicZombie$EntityCustom
orbofwavic - waveymod:orbofwavic - net.mcreator.waveymod.entity.EntityOrbofWavic$EntityCustom
transport - thermaldynamics:transport - cofh.thermaldynamics.duct.entity.EntityTransport
actuallyadditions.worm - actuallyadditions:worm - de.ellpeck.actuallyadditions.mod.entity.EntityWorm
Drone - opencomputers:drone - li.cil.oc.common.entity.Drone
ArmorStand - p455w0rdslib:sitting_entity - p455w0rdslib.entity.EntitySittableBlock
moa - aether_legacy:moa - com.gildedgames.the_aether.entities.passive.mountable.EntityMoa
phyg - aether_legacy:phyg - com.gildedgames.the_aether.entities.passive.mountable.EntityPhyg
flying_cow - aether_legacy:flying_cow - com.gildedgames.the_aether.entities.passive.mountable.EntityFlyingCow
sheepuff - aether_legacy:sheepuff - com.gildedgames.the_aether.entities.passive.EntitySheepuff
aerbunny - aether_legacy:aerbunny - com.gildedgames.the_aether.entities.passive.mountable.EntityAerbunny
aerwhale - aether_legacy:aerwhale - com.gildedgames.the_aether.entities.passive.EntityAerwhale
swet - aether_legacy:swet - com.gildedgames.the_aether.entities.passive.mountable.EntitySwet
cockatrice - aether_legacy:cockatrice - com.gildedgames.the_aether.entities.hostile.EntityCockatrice
sentry - aether_legacy:sentry - com.gildedgames.the_aether.entities.hostile.EntitySentry
zephyr - aether_legacy:zephyr - com.gildedgames.the_aether.entities.hostile.EntityZephyr
aechor_plant - aether_legacy:aechor_plant - com.gildedgames.the_aether.entities.hostile.EntityAechorPlant
mimic - aether_legacy:mimic - com.gildedgames.the_aether.entities.hostile.EntityMimic
slider - aether_legacy:slider - com.gildedgames.the_aether.entities.bosses.slider.EntitySlider
valkyrie_queen - aether_legacy:valkyrie_queen - com.gildedgames.the_aether.entities.bosses.valkyrie_queen.EntityValkyrieQueen
sun_spirit - aether_legacy:sun_spirit - com.gildedgames.the_aether.entities.bosses.sun_spirit.EntitySunSpirit
golden_dart - aether_legacy:golden_dart - com.gildedgames.the_aether.entities.projectile.darts.EntityDartGolden
poison_dart - aether_legacy:poison_dart - com.gildedgames.the_aether.entities.projectile.darts.EntityDartPoison
enchanted_dart - aether_legacy:enchanted_dart - com.gildedgames.the_aether.entities.projectile.darts.EntityDartEnchanted
poison_needle - aether_legacy:poison_needle - com.gildedgames.the_aether.entities.projectile.EntityPoisonNeedle
fire_ball - aether_legacy:fire_ball - com.gildedgames.the_aether.entities.projectile.crystals.EntityFireBall
ice_ball - aether_legacy:ice_ball - com.gildedgames.the_aether.entities.projectile.crystals.EntityIceyBall
thunder_ball - aether_legacy:thunder_ball - com.gildedgames.the_aether.entities.projectile.crystals.EntityThunderBall
valkyrie - aether_legacy:valkyrie - com.gildedgames.the_aether.entities.bosses.EntityValkyrie
fire_minion - aether_legacy:fire_minion - com.gildedgames.the_aether.entities.bosses.EntityFireMinion
mini_cloud - aether_legacy:mini_cloud - com.gildedgames.the_aether.entities.passive.EntityMiniCloud
floating_block - aether_legacy:floating_block - com.gildedgames.the_aether.entities.block.EntityFloatingBlock
tnt_present - aether_legacy:tnt_present - com.gildedgames.the_aether.entities.block.EntityTNTPresent
phoenix_arrow - aether_legacy:phoenix_arrow - com.gildedgames.the_aether.entities.projectile.EntityPhoenixArrow
zephyr_snowball - aether_legacy:zephyr_snowball - com.gildedgames.the_aether.entities.projectile.EntityZephyrSnowball
hammer_projectile - aether_legacy:hammer_projectile - com.gildedgames.the_aether.entities.projectile.EntityHammerProjectile
lightning_knife - aether_legacy:lightning_knife - com.gildedgames.the_aether.entities.projectile.EntityLightningKnife
parachute - aether_legacy:parachute - com.gildedgames.the_aether.entities.passive.mountable.EntityParachute
whirlwind - aether_legacy:whirlwind - com.gildedgames.the_aether.entities.hostile.EntityWhirlwind
tipped_phoenix_arrow - aether_legacy:tipped_phoenix_arrow - com.gildedgames.the_aether.entities.projectile.EntityTippedPhoenixArrow
evolved_spider - galacticraftcore:evolved_spider - micdoodle8.mods.galacticraft.core.entities.EntityEvolvedSpider
evolved_zombie - galacticraftcore:evolved_zombie - micdoodle8.mods.galacticraft.core.entities.EntityEvolvedZombie
evolved_creeper - galacticraftcore:evolved_creeper - micdoodle8.mods.galacticraft.core.entities.EntityEvolvedCreeper
evolved_skeleton - galacticraftcore:evolved_skeleton - micdoodle8.mods.galacticraft.core.entities.EntityEvolvedSkeleton
evolved_skeleton_boss - galacticraftcore:evolved_skeleton_boss - micdoodle8.mods.galacticraft.core.entities.EntitySkeletonBoss
alien_villager - galacticraftcore:alien_villager - micdoodle8.mods.galacticraft.core.entities.EntityAlienVillager
evolved_enderman - galacticraftcore:evolved_enderman - micdoodle8.mods.galacticraft.core.entities.EntityEvolvedEnderman
evolved_witch - galacticraftcore:evolved_witch - micdoodle8.mods.galacticraft.core.entities.EntityEvolvedWitch
rocket_t1 - galacticraftcore:rocket_t1 - micdoodle8.mods.galacticraft.core.entities.EntityTier1Rocket
meteor - galacticraftcore:meteor - micdoodle8.mods.galacticraft.core.entities.EntityMeteor
buggy - galacticraftcore:buggy - micdoodle8.mods.galacticraft.core.entities.EntityBuggy
gcflag - galacticraftcore:gcflag - micdoodle8.mods.galacticraft.core.entities.EntityFlag
para_chest - galacticraftcore:para_chest - micdoodle8.mods.galacticraft.core.entities.EntityParachest
lander - galacticraftcore:lander - micdoodle8.mods.galacticraft.core.entities.EntityLander
meteor_chunk - galacticraftcore:meteor_chunk - micdoodle8.mods.galacticraft.core.entities.EntityMeteorChunk
celestial_screen - galacticraftcore:celestial_screen - micdoodle8.mods.galacticraft.core.entities.EntityCelestialFake
hanging_schematic - galacticraftcore:hanging_schematic - micdoodle8.mods.galacticraft.core.entities.EntityHangingSchematic
sludgeling - galacticraftplanets:sludgeling - micdoodle8.mods.galacticraft.planets.mars.entities.EntitySludgeling
slimeling - galacticraftplanets:slimeling - micdoodle8.mods.galacticraft.planets.mars.entities.EntitySlimeling
creeper_boss - galacticraftplanets:creeper_boss - micdoodle8.mods.galacticraft.planets.mars.entities.EntityCreeperBoss
rocket_t2 - galacticraftplanets:rocket_t2 - micdoodle8.mods.galacticraft.planets.mars.entities.EntityTier2Rocket
projectile_tnt - galacticraftplanets:projectile_tnt - micdoodle8.mods.galacticraft.planets.mars.entities.EntityProjectileTNT
landing_balloons - galacticraftplanets:landing_balloons - micdoodle8.mods.galacticraft.planets.mars.entities.EntityLandingBalloons
rocket_cargo - galacticraftplanets:rocket_cargo - micdoodle8.mods.galacticraft.planets.mars.entities.EntityCargoRocket
small_asteroid - galacticraftplanets:small_asteroid - micdoodle8.mods.galacticraft.planets.asteroids.entities.EntitySmallAsteroid
grapple_hook - galacticraftplanets:grapple_hook - micdoodle8.mods.galacticraft.planets.asteroids.entities.EntityGrapple
rocket_t3 - galacticraftplanets:rocket_t3 - micdoodle8.mods.galacticraft.planets.asteroids.entities.EntityTier3Rocket
entry_pod - galacticraftplanets:entry_pod - micdoodle8.mods.galacticraft.planets.asteroids.entities.EntityEntryPod
astro_miner - galacticraftplanets:astro_miner - micdoodle8.mods.galacticraft.planets.asteroids.entities.EntityAstroMiner
juicer - galacticraftplanets:juicer - micdoodle8.mods.galacticraft.planets.venus.entities.EntityJuicer
spider_queen - galacticraftplanets:spider_queen - micdoodle8.mods.galacticraft.planets.venus.entities.EntitySpiderQueen
entry_pod_venus - galacticraftplanets:entry_pod_venus - micdoodle8.mods.galacticraft.planets.venus.entities.EntityEntryPodVenus
web_shot - galacticraftplanets:web_shot - micdoodle8.mods.galacticraft.planets.venus.entities.EntityWebShot
placeholder - betterquesting:placeholder - betterquesting.api.placeholders.EntityPlaceholder
zollerngalaxy:moolus - zollerngalaxy:moolus - zollerngalaxy.mobs.entities.EntityMoolus
zollerngalaxy:oinkus - zollerngalaxy:oinkus - zollerngalaxy.mobs.entities.EntityOinkus
zollerngalaxy:squidlus - zollerngalaxy:squidlus - zollerngalaxy.mobs.entities.EntitySquidlus
zollerngalaxy:frostgiant - zollerngalaxy:frostgiant - zollerngalaxy.mobs.entities.EntityFrostGiant
zollerngalaxy:magmos - zollerngalaxy:magmos - zollerngalaxy.mobs.entities.EntityMagmos
zollerngalaxy:grayalien - zollerngalaxy:grayalien - zollerngalaxy.mobs.entities.EntityGrayAlien
zollerngalaxy:galaxyknight - zollerngalaxy:galaxyknight - zollerngalaxy.mobs.entities.EntityGalaxyKnight
zollerngalaxy:megacreeper - zollerngalaxy:megacreeper - zollerngalaxy.mobs.entities.EntityMegaCreeper
zollerngalaxy:mummy - zollerngalaxy:mummy - zollerngalaxy.mobs.entities.EntityMummy
zollerngalaxy:scorpion - zollerngalaxy:scorpion - zollerngalaxy.mobs.entities.EntityScorpion
zollerngalaxy:spiderling - zollerngalaxy:spiderling - zollerngalaxy.mobs.entities.EntitySpiderling
zollerngalaxy:krull - zollerngalaxy:krull - zollerngalaxy.mobs.entities.EntityKrull
zollerngalaxy:shadowskeleton - zollerngalaxy:shadowskeleton - zollerngalaxy.mobs.entities.EntityShadowSkeleton
zollerngalaxy:shade - zollerngalaxy:shade - zollerngalaxy.mobs.entities.EntityShade
zollerngalaxy:faceless - zollerngalaxy:faceless - zollerngalaxy.mobs.entities.EntityFaceless
zollerngalaxy:shadowalien - zollerngalaxy:shadowalien - zollerngalaxy.mobs.entities.boss.EntityShadowAlien
zollerngalaxy:blubberfish - zollerngalaxy:blubberfish - zollerngalaxy.mobs.entities.EntityBlubberFish
zollerngalaxy:gypsyfish - zollerngalaxy:gypsyfish - zollerngalaxy.mobs.entities.EntityGypsyFish
zollerngalaxy:bladefish - zollerngalaxy:bladefish - zollerngalaxy.mobs.entities.EntityBladeFish
zollerngalaxy:shark - zollerngalaxy:shark - zollerngalaxy.mobs.entities.EntityShark
zollerngalaxy:jellyfish - zollerngalaxy:jellyfish - zollerngalaxy.mobs.entities.EntityJellyfish
zollerngalaxy:abyssalvillager - zollerngalaxy:abyssalvillager - zollerngalaxy.mobs.entities.EntityAbyssalVillager
zollerngalaxy:wasp - zollerngalaxy:wasp - zollerngalaxy.mobs.entities.EntityWasp
zollerngalaxy:pigshroom - zollerngalaxy:pigshroom - zollerngalaxy.mobs.entities.EntityPigShroom
zollerngalaxy:arcon - zollerngalaxy:arcon - zollerngalaxy.mobs.entities.EntityArcon
extraplanets.NuclearBombPrimed - extraplanets:extraplanets.nuclearbombprimed - com.mjr.extraplanets.entities.EntityNuclearBombPrimed
extraplanets.FireBombPrimed - extraplanets:extraplanets.firebombprimed - com.mjr.extraplanets.entities.EntityFireBombPrimed
extraplanets.EntityTier4Rocket - extraplanets:extraplanets.entitytier4rocket - com.mjr.extraplanets.entities.rockets.EntityTier4Rocket
extraplanets.EntityMercuryLander - extraplanets:extraplanets.entitymercurylander - com.mjr.extraplanets.entities.landers.EntityMercuryLander
extraplanets.EntityTier5Rocket - extraplanets:extraplanets.entitytier5rocket - com.mjr.extraplanets.entities.rockets.EntityTier5Rocket
extraplanets.EntityJupiterLander - extraplanets:extraplanets.entityjupiterlander - com.mjr.extraplanets.entities.landers.EntityJupiterLander
extraplanets.EntityTier6Rocket - extraplanets:extraplanets.entitytier6rocket - com.mjr.extraplanets.entities.rockets.EntityTier6Rocket
extraplanets.EntitSaturnLander - extraplanets:extraplanets.entitsaturnlander - com.mjr.extraplanets.entities.landers.EntitySaturnLander
extraplanets.EntityTier7Rocket - extraplanets:extraplanets.entitytier7rocket - com.mjr.extraplanets.entities.rockets.EntityTier7Rocket
extraplanets.EntityUranusLander - extraplanets:extraplanets.entityuranuslander - com.mjr.extraplanets.entities.landers.EntityUranusLander
extraplanets.EntityTier8Rocket - extraplanets:extraplanets.entitytier8rocket - com.mjr.extraplanets.entities.rockets.EntityTier8Rocket
extraplanets.EntityNeptuneLander - extraplanets:extraplanets.entityneptunelander - com.mjr.extraplanets.entities.landers.EntityNeptuneLander
extraplanets.EntityTier9Rocket - extraplanets:extraplanets.entitytier9rocket - com.mjr.extraplanets.entities.rockets.EntityTier9Rocket
extraplanets.EntityTier10Rocket - extraplanets:extraplanets.entitytier10rocket - com.mjr.extraplanets.entities.rockets.EntityTier10Rocket
extraplanets.EntityTier10ElectricRocket - extraplanets:extraplanets.entitytier10electricrocket - com.mjr.extraplanets.entities.rockets.EntityElectricRocket
extraplanets.EntityMarsRover - extraplanets:extraplanets.entitymarsrover - com.mjr.extraplanets.entities.vehicles.EntityMarsRover
extraplanets.EntityVenusRover - extraplanets:extraplanets.entityvenusrover - com.mjr.extraplanets.entities.vehicles.EntityVenusRover
EntityGeneralLander - extraplanets:entitygenerallander - com.mjr.extraplanets.entities.landers.EntityGeneralLander
extraplanets.EvolvedMagmaCubeBoss - extraplanets:extraplanets.evolvedmagmacubeboss - com.mjr.extraplanets.entities.bosses.EntityEvolvedMagmaCubeBoss
extraplanets.EvolvedFireBatBoss - extraplanets:extraplanets.evolvedfirebatboss - com.mjr.extraplanets.entities.bosses.EntityEvolvedFireBatBoss
extraplanets.EvolvedGhastBoss - extraplanets:extraplanets.evolvedghastboss - com.mjr.extraplanets.entities.bosses.EntityEvolvedGhastBoss
extraplanets.EvolvedIceSlimeBoss - extraplanets:extraplanets.evolvediceslimeboss - com.mjr.extraplanets.entities.bosses.EntityEvolvedIceSlimeBoss
extraplanets.EvolvedSnowmanBoss - extraplanets:extraplanets.evolvedsnowmanboss - com.mjr.extraplanets.entities.bosses.EntityEvolvedSnowmanBoss
extraplanets.EvolvedSpaceManBoss - extraplanets:extraplanets.evolvedspacemanboss - com.mjr.extraplanets.entities.bosses.EntityEvolvedSpacemanBoss
extraplanets.EvolvedGiantZombieBoss - extraplanets:extraplanets.evolvedgiantzombieboss - com.mjr.extraplanets.entities.bosses.EntityEvolvedGiantZombieBoss
evolved_boss_blaze - galacticraftcore:evolved_boss_blaze - galaxyspace.systems.SolarSystem.planets.ceres.entities.EntityBossBlaze
evolved_coldblaze - galacticraftcore:evolved_coldblaze - galaxyspace.core.prefab.entities.EntityEvolvedColdBlaze
evolved_boss_ghast - galacticraftcore:evolved_boss_ghast - galaxyspace.systems.SolarSystem.moons.io.entities.EntityBossGhast
astro_wolf - galacticraftcore:astro_wolf - galaxyspace.core.prefab.entities.EntityAstroWolf
rocket_tier_4 - galacticraftcore:rocket_tier_4 - galaxyspace.core.prefab.entities.EntityTier4Rocket
rocket_tier_5 - galacticraftcore:rocket_tier_5 - galaxyspace.core.prefab.entities.EntityTier5Rocket
rocket_tier_6 - galacticraftcore:rocket_tier_6 - galaxyspace.core.prefab.entities.EntityTier6Rocket
rocket_fluid_cargo - galacticraftcore:rocket_fluid_cargo - galaxyspace.core.prefab.entities.EntityCustomCargoRocket
ice_spike - galacticraftcore:ice_spike - galaxyspace.core.prefab.entities.EntityIceSpike
mars_rover - galacticraftcore:mars_rover - galaxyspace.systems.SolarSystem.planets.mars.entities.EntityMarsRover
laser_beam - galacticraftcore:laser_beam - galaxyspace.core.prefab.entities.EntityLaserBeam
drop_spider - glacidus:drop_spider - com.legacy.glacidus.entities.hostile.EntityDropSpider
porcali - glacidus:porcali - com.legacy.glacidus.entities.neutral.EntityPorcali
merialces - glacidus:merialces - com.legacy.glacidus.entities.passive.EntityMerialces
morprous - glacidus:morprous - com.legacy.glacidus.entities.hostile.EntityMorprous
frigispitor - glacidus:frigispitor - com.legacy.glacidus.entities.hostile.EntityFrigispitor
artifact - glacidus:artifact - com.legacy.glacidus.entities.util.EntityArtifact
frigispitor_blob - glacidus:frigispitor_blob - com.legacy.glacidus.entities.util.EntityFrigispiterBlob
king_aerwhale - lost_aether:king_aerwhale - com.legacy.lostaether.entities.EntityAerwhaleKing
falling_rock - lost_aether:falling_rock - com.legacy.lostaether.entities.EntityFallingRock
zephyroo - lost_aether:zephyroo - com.legacy.lostaether.entities.EntityZephyroo
meteorit - mo_swords:meteorit - mo_swords.EntityMeteorit
ThrownKnife - mo_swords:thrown_knife - mo_swords.EntityKnife
ThrownLB - mo_swords:thrown_lb - mo_swords.EntityLB
entityHGrenade - xreliquary:hand_grenade - xreliquary.entities.EntityHolyHandGrenade
entityHolyWater - xreliquary:holy_water - xreliquary.entities.EntityGlowingWater
entitySpecialSnowball - xreliquary:special_snowball - xreliquary.entities.EntitySpecialSnowball
entityNeutralShot - xreliquary:neutral_shot - xreliquary.entities.shot.EntityNeutralShot
entityExorcismShot - xreliquary:exorcism_shot - xreliquary.entities.shot.EntityExorcismShot
entityBlazeShot - xreliquary:blaze_shot - xreliquary.entities.shot.EntityBlazeShot
entityEnderShot - xreliquary:ender_shot - xreliquary.entities.shot.EntityEnderShot
entityConcussiveShot - xreliquary:concussive_shot - xreliquary.entities.shot.EntityConcussiveShot
entityBusterShot - xreliquary:buster_shot - xreliquary.entities.shot.EntityBusterShot
entitySeekerShot - xreliquary:seeker_shot - xreliquary.entities.shot.EntitySeekerShot
entitySandShot - xreliquary:sand_shot - xreliquary.entities.shot.EntitySandShot
entityStormShot - xreliquary:storm_shot - xreliquary.entities.shot.EntityStormShot
entitySplashAphrodite - xreliquary:thrown_aphrodite - xreliquary.entities.potion.EntityAttractionPotion
entityThrownXRPotion - xreliquary:thrown_potion - xreliquary.entities.potion.EntityThrownXRPotion
entityLyssaHook - xreliquary:lyssa_hook - xreliquary.entities.EntityLyssaHook
entitySplashFertility - xreliquary:thrown_fertility - xreliquary.entities.potion.EntityFertilePotion
entityKSlime - xreliquary:kraken_slime - xreliquary.entities.EntityKrakenSlime
entityEnderStaffProjectile - xreliquary:ender_staff_projectile - xreliquary.entities.EntityEnderStaffProjectile
entityTippedArrow - xreliquary:tipped arrow - xreliquary.entities.EntityXRTippedArrow
